
{
    "open_app": [
        {"app": "chrome", "args": "--new-window https://www.youtube.com/results?search_query=perfect+song"},
        {"app": "msedge", "args": "--start-maximized http://youtube.com/"}
    ],
    "gui": [
        {"sequence":[{"type":"press","key":"win"},{"type":"type","text":"settings"},{"type":"press","key":"enter"}]}
    ],
    "scan_net": [
        {"target":"192.168.1.0/24", "options":"-sn"}
    ],
    "run_cmd": [
        {"cmd":"dir C:\\Users\\bhaiy\\Desktop"}
    ],
    "touch": [
        {"type":"tap","x":500,"y":300},
        {"type":"swipe","start":{"x":100,"y":200},"end":{"x":400,"y":200}}
    ]
}
