{
  "files": {
    "controller_brain": "c:/Users/bhaiy/.ollama/controller_brain.py",
    "dev_action_controller": "c:/Users/bhaiy/.ollama/dev_action_controller.py",
    "ollama_chat_ui": "c:/Users/bhaiy/.ollama/ollama_chat_ui.py",
    "control": "c:/Users/bhaiy/.ollama/control.py"
  },
  "actions": [
    {
      "action": "open_app",
      "params": {
        "app": "chrome",
        "args": "--new-window https://www.youtube.com/results?search_query=perfect+song"
      }
    },
    {
      "action": "open_app",
      "params": {
        "app": "msedge",
        "args": "--start-maximized https://www.google.com"
      }
    },
    {
      "action": "gui",
      "params": {
        "sequence": [
          {"type": "press", "key": "win"},
          {"type": "type", "text": "settings"},
          {"type": "press", "key": "enter"}
        ]
      }
    },
    {
      "action": "scan_net",
      "params": {"target": "192.168.1.0/24", "options": "-sn"}
    },
    {
      "action": "run_cmd",
      "params": {"cmd": "dir C:\\Users\\bhaiy\\Desktop"}
    },
    {
      "action": "touch",
      "params": {
        "type": "tap",
        "x": 500,
        "y": 300,
        "pressure": 0.8,
        "duration": 0.1
      }
    },
    {
      "action": "touch",
      "params": {
        "type": "swipe",
        "start": {"x": 300, "y": 800},
        "end": {"x": 300, "y": 200},
        "duration": 0.5
      }
    },
    {
      "action": "touch",
      "params": {
        "type": "pinch",
        "center": {"x": 400, "y": 400},
        "distance": 100,
        "scale": 0.5,
        "duration": 0.3
      }
    },
    {
      "action": "type_text",
      "params": {
        "text": "Hello AI, execute all tasks.",
        "speed": 0.05
      }
    },
    {
      "action": "swipe_gui",
      "params": {
        "sequence": [
          {"start": {"x": 100, "y": 500}, "end": {"x": 400, "y": 500}, "duration": 0.4}
        ]
      }
    }
  ]
}
