{
  "open chrome": "start chrome",
  "open explorer": "explorer",
  "open settings": "start ms-settings:",
  "open youtube": "https://www.youtube.com",
  "google search": "google",
  "network scan": "netsh wlan show networks",
  "task manager": "taskmgr",
  "open notepad": "notepad",
  "open calculator": "calc",
  "open command prompt": "cmd",
  "open powershell": "powershell",
  "open file explorer": "explorer .",
  "open control panel": "control",
  "open microsoft edge": "start msedge",
  "open firefox": "start firefox",
  "open visual studio code": "code",
  "open microsoft word": "start winword",
  "open microsoft excel": "start excel"
}
